id,english,hindi,hindi_transliteration,tamil,tamil_transliteration,telugu,telugu_transliteration,bengali,bengali_transliteration,malayalam,malayalam_transliteration,kannada,kannada_transliteration,marathi,marathi_transliteration,gujarati,gujarati_transliteration,punjabi,punjabi_transliteration,hint,category
1,Hello,नमस्ते,namaste,வணக்கம்,vaṇakkam,హలో,halo,হ্যালো,hyalo,ഹലോ,halō,ಹಲೋ,halō,नमस्कार,namaskaar,નમસ્તે,namaste,ਸਤ ਸ੍ਰੀ ਅਕਾਲ,sat sri akaal,greeting,greeting
2,Thank you,धन्यवाद,dhanyavaad,நன்றி,nanri,ధన్యవాదాలు,dhanayavaadaalu,ধন্যবাদ,dhonyobaad,നന്ദി,nandi,ಧನ್ಯವಾದಗಳು,dhanyavaadagalu,धन्यवाद,dhanyavaad,આભાર,aabhaar,ਧੰਨਵਾਦ,dhannvaad,gratitude,gratitude
3,Good morning,सुप्रभात,suprabhaat,காலை வணக்கம்,kaalai vaṇakkam,శుభోదయం,shubhodayaṁ,সুপ্রভাত,suprabhat,സുപ്രഭാതം,suprabhaatham,ಶುಭೋದಯ,shubhodaya,शुभ प्रभात,shubh prabhat,સુપ્રભાત,suprabhaat,ਸੁਪ੍ਰਭਾਤ,suprabhaat,greeting-time,greeting
4,Good night,शुभ रात्रि,shubh raatri,இரவு வணக்கம்,iravu vaṇakkam,శుభ రాత్రి,shubha raatri,শুভ রাত্রি,shubho ra tri,ശുഭ രാത്രി,shubha raathri,ಶುಭ ರಾತ್ರಿ,shubha raatri,शुभ रात्री,shubh raatri,શુભ રાત્રી,shubh raatri,ਸ਼ੁਭ ਰਾਤਰੀ,shubh raateri,farewell,farewell
5,How are you?,आप कैसे हैं?,aap kaise hain?,நீங்கள் எப்படி இருக்கிறீர்கள்?,neenga epadi irukkireergal?,మీరు ఎలా ఉన్నారు?,meeru ela unnaru?,আপনি কেমন আছেন?,apni kemon aachen?,നിങ്ങൾ സുഖമാണോ?,ningal sukhamaano?,ನೀವು ಹೇಗಿದ್ದೀರಿ?,neevu hegiddiri?,तू कसा आहेस?,tu kasa aahe?,તમે કેમ છો?,tame kem cho?,ਤੁਸੀਂ ਕਿਵੇਂ ਹੋ?,tusi kivain ho?,question,conversation
6,I am fine,मैं ठीक हूँ,main theek hoon,நான் நன்றாக இருக்கிறேன்,naan nandraaga irukkiren,నేను బాగా ఉన్నాను,nenu baaga unnanu,আমি ভাল আছি,ami bhalo achi,എനിക്ക് സുഖം,ennikku sukham,ನಾನು ಚೆನ್ನಾಗಿದ್ದೇನೆ,naanu chennagiddini,मी ठीक आहे,mi theek aahe,હું બરાબર છું,huṁ barbaṛ chhuṁ,ਮੈਂ ਠੀਕ ਹਾਂ,main theek haan,intro-response,conversation
7,See you soon,जल्द मिलते हैं,jald milte hain,உங்களை விரைவில் சந்திக்கிறேன்,ungalai viraivil sandhikkiren,త్వరలో కలుద్దాం,tvaralo kaluddaam,দেখা হবে শীঘ্রই,dekhā hobe shighroi,വേഗം കാണാം,veǵam kaanaam,ಶೀಘ್ರದಲ್ಲೇ ನೋಡುವೆವು,shighradhallē noduvevu,लवकर भेटू,lavkar bhetu,જલ્દી મળીએ,jaldi maḷiye,ਜਲਦੀ ਮਿਲਾਂਗੇ,jaldi milange,farewell,farewell
8,What is your name?,आपका नाम क्या है?,aapka naam kya hai?,உங்கள் பெயர் என்ன?,ungal peyar enna?,మీ పేరు ఏమిటి?,mee peru emiti?,তোমার নাম কী?,tomar naam ki?,നിങ്ങളുടെ പേര് എന്താണ്?,ningalude peru enthaanu?,ನಿನ್ನ ಹೆಸರೇನು?,ninna hesarenu?,तुझं नाव काय?,tujh naam kaay?,તમારું નામ શું છે?,tamaaru naam shu chhe?,ਤੁਹਾਡਾ ਨਾਮ ਕੀ ਹੈ?,tuhada naam ki hai?,question,introduction
9,My name is John,मेरा नाम जॉन है,mera naam John hai,என் பெயர் ஜான்,en peyar Jaan,నా పేరు జాన్,naa peru Jaan,আমার নাম জন,amar naam John,എന്റെ പേര് ജോൺ,ente peru jon,ನನ್ನ ಹೆಸರು ಜಾನ್,nanna hesaru Jaan,माझं नाव जॉन आहे,maajh naam John aahe,મારું નામ જોન છે,maarun naam Jon chhe,ਮੇਰਾ ਨਾਮ ਜੌਨ ਹੈ,mera naam John hai,introduction,introduction
10,Please help me,कृपया मेरी मदद करें,kripaya meri madad karein,தயவு செய்து உதவி செய்யுங்கள்,dayavu seidhu uthavi seiyungal,దయచేసి నాకు సహాయం చేయండి,dayachesi naaku sahaayam cheyandi,দয়া করে আমাকে সাহায্য করুন,dooya kore amake shahajyo korun,ദയവായി എനിക്ക് സഹായിക്കൂ,dayavaayi enikku sahaayikku,ದಯವಿಟ್ಟು ಸಹಾಯ ಮಾಡಿ,dayavittu sahaaya maadi,कृपया मला मदत करा,krupaya mala madat kara,મને મદદ કરો,mane madad karo,ਕਿਰਪਾ ਕਰਕੇ ਮੇਰੀ ਮਦਦ ਕਰੋ,kirpa karke meri madad karo,request,request
11,Where are you from?,आप कहाँ से हैं?,aap kahan se hain?,நீங்கள் எங்கிருந்து வருகிறீர்கள்?,neengal engirunthu varugireergal?,మీరు ఎక్కడి నుండి?,meeru ekkadi nundi?,আপনি কোথা থেকে?,apni kotha theke?,നിങ്ങൾ എവിടെ നിന്നാണ്?,ningal evide ninnanu?,ನೀವು ಎಲ್ಲಿಂದ ಬಂದಿರಿ?,neevu ellinda bandiri?,तू कुठून आलास?,tu kuthun alas?,તમે ક્યાંથી આવ્યાં છો?,tame kyathī aavyaa chho?,ਤੁਸੀਂ ਕਿੱਥੋਂ ਹੋ?,tusi kithon ho?,question,introduction
12,I am from India,मैं भारत से हूँ,main Bharat se hoon,நான் இந்தியாவிலிருந்து வருகிறேன்,naan Indiyavilirunthu varugiren,నేను భారత్ నుండి వచ్చాను,nenu Bharat nundi vachanu,আমি ভারত থেকে এসেছি,ami bharot theke esechi,ഞാൻ ഇന്ത്യയിൽ നിന്ന് വരുന്നു,njan indyayil ninnu varunnu,ನಾನು ಭಾರತದಿಂದ ಬಂದೆ,naanu Bharatinda bande,मी भारतातून आलो,mi Bharataatun aalo,હું ભારત થી છું,huṁ Bharat thi chhuṁ,ਮੈਂ ਭਾਰਤ ਤੋਂ ਹਾਂ,main Bharat ton haan,introduction,introduction
13,Can you repeat that?,क्या आप इसे दोहरा सकते हैं?,kya aap ise dohra sakte hain?,அதை மறுபடியும் சொல்ல முடியுமா?,athai marupadiyum solla mudiyuma?,దయచేసి మళ్లీ చెప్పగలరా?,dayachesi malli cheppagalarā?,আপনি আবার বলতে পারেন?,apni abar bolte paren?,ദയവായി വീണ്ടും പറയാമോ?,dayavaayi veendum parayaamo?,ಮತ್ತೆ ಹೇಳಬಹುದೇ?,matte helbahude?,पुन्हा सांगशील?,punha saangshil?,ફરી કહેશો?,phari kahesho?,ਕੀ ਤੁਸੀਂ ਦੁਬਾਰਾ ਕਹੋਗੇ?,ki tusi dubara kahoge?,request,conversation
14,I don't understand,मुझे समझ नहीं आया,mujhe samajh nahi aaya,எனக்கு புரியவில்லை,enakku puriyavillai,నాకు అర్థం కాలేదు,naaku ardham kaaledu,আমার বুঝতে অসুবিধা হচ্ছে,amar bujhte oshubidha hochhe,എനിക്ക് മനസ്സിലാകുന്നില്ല,enikku manassilakunilla,ನನಗೆ ಅರ್ಥವಾಗಲಿಲ್ಲ,nanage arthavaglilla,मला समजत नाही,mala samajat nahi,મને સમજાતું નથી,mane samajhatu nathi,ਮੈਨੂੰ ਸਮਝ ਨਹੀਂ ਆਈ,mainu samajh nahi aayi,confusion,conversation
15,What time is it?,समय क्या हुआ है?,samay kya hua hai?,இப்போது மணி எத்தனை?,ippodhu mani eththanai?,ఇప్పుడు సమయం ఎంత?,ippudu samayam enta?,এখন কয়টা বাজে?,ekhon koyta baje?,ഇപ്പോൾ സമയം എത്ര?,ippol samayam ethra?,ಈಗ ಸಮಯ ಎಷ್ಟು?,ega samaya eshtu?,आता किती वाजले?,aata kiti vajle?,હમણાં કેટલા વાગ્યા?,hamna ketla vagya?,ਹੁਣ ਕੀ ਵਕਤ ਹੋਇਆ?,hun ki vakt hoya?,question,information
16,Where is the bathroom?,बाथरूम कहाँ है?,bathroom kahan hai?,கழிப்பறை எங்கே?,kazhiparai enge?,బాత్రూమ్ ఎక్కడ ఉంది?,bathroom ekkada undi?,বাথরুম কোথায়?,bathroom kothay?,കുളിമുറി എവിടെ?,kulimuri evide?,ಬಾತ್ ರೂಂ ಎಲ್ಲಿದೆ?,baath room ellide?,बाथरूम कुठे आहे?,bathroom kuthe aahe,બાથરૂમ ક્યાં છે?,bathroom kya chhe?,ਬਾਥਰੂਮ ਕਿੱਥੇ ਹੈ?,bathroom kithe hai?,travel,travel
17,I need water,मुझे पानी चाहिए,mujhe paani chahiye,எனக்கு தண்ணீர் வேண்டும்,enakku thanneer vendum,నాకు నీరు కావాలి,naaku neeru kaavali,আমার পানি চাই,amar pani chai,എനിക്ക് വെള്ളം വേണം,enikku vellam venam,ನನಗೆ ನೀರು ಬೇಕು,nanage neeru beku,मला पाणी पाहिजे,mala paani pahije,મને પાણી જોઈએ,mane paani joie,ਮੈਨੂੰ ਪਾਣੀ ਚਾਹੀਦਾ ਹੈ,mainu paani chaahida hai,need,basic-needs
18,I am hungry,मुझे भूख लगी है,mujhe bhookh lagi hai,எனக்கு பசிக்கிறது,enakku pasikkirathu,నాకు ఆకలిగా ఉంది,naaku aakaliga undi,আমার খুব ক্ষিধে পেয়েছে,amar khub khide peyechhe,എനിക്ക് വിശക്കും,enikku vishakkum,ನನಗೆ ಹಸಿವು ಬಂದಿದೆ,nanage hasivu bandide,मला भूक लागली आहे,mala bhookh lagli aahe,મને ભૂખ લાગી છે,mane bhookh lagi chhe,ਮੈਨੂੰ ਭੁੱਖ ਲੱਗੀ ਹੈ,mainu bhukh laggi hai,need,basic-needs
19,I am thirsty,मुझे प्यास लगी है,mujhe pyaas lagi hai,எனக்கு தாகம்,enakku thaagam,నాకు దాహం వేసింది,naaku daaham vesindi,আমার তৃষ্ণা পেয়েছে,amar trishna peyechhe,എനിക്ക് ദാഹം തോന്നുന്നു,enikku daaham thonnunnu,ನನಗೆ ದಾಹವಾಗಿದೆ,nanage dhaahaagide,मला तहान लागली आहे,mala tahan lagli aahe,મને તરસ લાગી છે,mane taras lagi chhe,ਮੈਨੂੰ ਤ੍ਰਿਸ਼ਨਾ ਲੱਗੀ ਹੈ,mainu trishna laggi hai,need,basic-needs
20,Where do you live?,आप कहाँ रहते हैं?,aap kahan rehte hain?,நீங்கள் எங்கு வாழ்கிறீர்கள்?,neengal engu vaazhugireergal?,మీరు ఎక్కడ ఉంటారు?,meeru ekkada untaru?,আপনি কোথায় থাকেন?,apni kothay thaken?,നിങ്ങൾ എവിടെ താമസിക്കുന്നു?,ningal evide thamasikkunnu?,ನೀವು ಎಲ್ಲಲ್ಲಿ ವಾಸಿಸುತ್ತೀರಿ?,neevu ellalli vaasisuttiri?,तू कुठे राहतोस?,tu kuthe rahtos?,તમે ક્યાં રહે છો?,tame kya reho chho?,ਤੁਸੀਂ ਕਿੱਥੇ ਰਹਿੰਦੇ ਹੋ?,tusi kithe rehnde ho?,question,conversation
21,I live in Noida,मैं नोएडा में रहता हूँ,main Noida me rehta hoon,நான் நொய்டாவில் வசிக்கிறேன்,naan Noidaavil vasikkiren,నేను నోయిడాలో ఉంటాను,nenu Noida lo untanu,আমি নয়ডায় থাকি,ami noidaay thaaki,ഞാൻ നൊയ്ഡായിൽ താമസിക്കുന്നു,njan noidail thamasikkunnu,ನಾನು ನೋಯ್ಡಾದಲ್ಲಿ ವಾಸಿಸುತ್ತೇನೆ,naanu noidaadalli vaasisuttEne,मी नोएडामध्ये राहतो,mi noedaa madhye rahto,હું નોઇડામાં રહે છું,huṁ Noida mã rehũ chhũ,ਮੈਂ ਨੋਇਡਾ ਵਿੱਚ ਰਹਿੰਦਾ ਹਾਂ,main noida vich rehnda haan,introduction,information
22,What do you do?,आप क्या करते हैं?,aap kya karte hain?,நீங்கள் என்ன வேலை செய்கிறீர்கள்?,neengal enna velai seygireergal?,మీరు ఏం చేస్తారు?,meeru em chestaru?,আপনি কি করেন?,apni ki koren?,നിങ്ങൾ എന്ത് ചെയ്യുന്നു?,ningal enthu cheyyunnu?,ನೀವು ಏನು ಮಾಡುತ್ತೀರಿ?,neevu enu maaduttiri?,तू काय करतोस?,tu kaay kartos?,તમે શું કરો છો?,tame shu karo chho?,ਤੁਸੀਂ ਕੀ ਕਰਦੇ ਹੋ?,tusi ki karde ho?,question,conversation
23,I am a student,मैं छात्र हूँ,main chaatr hoon,நான் மாணவன்,naan maanavan,నేను విద్యార్థిని,nenu vidyarthini/vidyarthi,আমি একজন ছাত্র,ami ekjon chhatrô,ഞാൻ വിദ്യാർത്ഥിയാണ്,njan vidyarthiyaan,ನಾನು ವಿದ್ಯಾರ್ಥಿ,naanu vidyarthi,मी विद्यार्थी आहे,mi vidyarthi aahe,હું વિદ્યાર્થી છું,hu vidyarthi chhu,ਮੈਂ ਵਿਦਿਆਰਥੀ ਹਾਂ,main vidyarthi haan,introduction,introduction
24,Open the door,दरवाज़ा खोलें,darwaaza kholen,கதவைத் திறக்கவும்,kathavai thirakkavum,ద్వారం తెరవండి,dwaarum teravandi,দরজা খুলুন,dorja khulun,വാതിൽ തുറക്കുക,vaatil thurakkuka,ಬಾಗಿಲು ತೆರೆಯಿರಿ,baagilu tereyiri,दार उघडा,daar ughda,બારણા ખોલો,barnaa kholo,ਦਰਵਾਜ਼ਾ ਖੋਲ੍ਹੋ,derwaza kholho,command,command
25,Close the window,खिड़की बंद करें,khidki band karein,ஜன்னலை மூடுங்கள்,jannalai moodungal,కిటికీ మూసేయండి,kitiki mooseyandi,জানালা বন্ধ করুন,janala bondho korun,ജാലകം അടയ്ക്കുക,jaalakam adakkuka,ಕಿಟಕಿ ಮುಚ್ಚಿ,kitaki muchchi,खिडकी बंद करा,khidki band kara,બારી બંધ કરો,baari band karo,ਖਿੜਕੀ ਬੰਦ ਕਰੋ,khiṛki band karo,command,command
26,Turn left,बाएँ मुड़ें,baayen muden,இடது பக்கம் திரும்பவும்,idathu pakkam thirumbavum,ఎడమవైపు తిరగండి,edam vaipu tiragandi,বাম দিকে ঘুরুন,bam dike ghurun,ഇടത്തേക്ക് തിരിയുക,idattekku thiriyuka,ಎಡಕ್ಕೆ ತಿರುಗಿ,edakke tirugi,डावीकडे वळा,daavikade vala,ડાબી તરફ વળો,daabi taraf valo,ਖੱਬੇ ਮੁੜੋ,khabbe muro,directions,navigation
27,Turn right,दाएँ मुड़ें,daayen muden,வலது பக்கம் திரும்பவும்,valathu pakkam thirumbavum,కుడివైపు తిరగండి,kudi vaipu tiragandi,ডান দিকে ঘুরুন,dan dike ghurun,വലത്തേക്ക് തിരിയുക,walattekku thiriyuka,ಬಲಕ್ಕೆ ತಿರುಗಿ,balakke tirugi,उजवीकडे वळा,ujvikade vala,જમણી તરફ વળો,jamani taraf valo,ਸੱਜੇ ਮੁੜੋ,sajje muro,directions,navigation
28,Go straight,सीधे जाएँ,seedhe jaayen,நேராக செல்லுங்கள்,neraga sellungal,నేరుగా వెళ్లండి,neruga vellanḍi,সোজা যান,soja jan,നേരെ പോകുക,nere pokuka,ನೋಡಿರಿ ನೇರವಾಗಿ,neravagi nodiri,सरळ जा,saral jaa,સીધા જાઓ,sidha jao,ਸਿੱਧੇ ਜਾਓ,sidhe jao,directions,navigation
29,Stop here,यहीं रुकें,yahin rukey,இங்கே நிறுத்துங்கள்,inge niruthungal,ఇక్కడ ఆపండి,ikkada apandi,এখানে থামুন,ekhane thamun,ഇവിടെ നിർത്തുക,ivide nirttuka,ಇಲ್ಲಿ ನಿಲ್ಲಿ,illi nilli,इथे थांबा,ithe thamba,અહીં રોકો,ahen roko,ਇੱਥੇ ਰੁੱਕੋ,itthe rukko,directions,navigation
30,Call the doctor,डॉक्टर को बुलाइए,doctor ko bulaaiye,டாக்டரை அழைக்கவும்,doctor-ai azaikkavum,డాక్టర్‌ను పిలవండి,doctor-nu pilavandi,ডাক্তার ডাকুন,daktar dakun,ഡോക്ടറെ വിളിക്കൂ,doctor-e vilikoo,ಡಾಕ್ಟರ್ ಅನ್ನು ಕರೆಸಿ,doctor annu karesi,डॉक्टरला बोलवा,doctorla bolva,ડોક્ટરને બોલાવો,doctor-ne bolavo,ਡਾਕਟਰ ਨੂੰ ਬੁਲਾਓ,doctor nu bulao,emergency,emergency
31,This is my friend,यह मेरा दोस्त है,yeh mera dost hai,இவர் என் நண்பர்,ivar en nanbar,ఇతను నా స్నేహితుడు,itanu naa snehitudu,এটি আমার বন্ধু,eti amar bondhu,ഇവൻ എന്റെ സുഹൃത്താണ്,ivan ente suhruthaanu,ಇವನು ನನ್ನ ಸ್ನೇಹಿತ,ivanu nanna snehita,हा माझा मित्र आहे,ha maza mitra aahe,આ મારો મિત્ર છે,aa maro mitra chhe,ਇਹ ਮੇਰਾ ਦੋਸਤ ਹੈ,eh mera dost hai,introduction,introduction
32,I like this,मुझे यह पसंद है,mujhe yeh pasand hai,எனக்கு இது பிடிக்கும்,enakku idhu pidikkum,ఇది నాకు ఇష్టం,idi naaku ishtam,আমার এটা ভাল লাগে,amar eta bhalo lage,എനിക്ക് ഇത് ഇഷ്ടമാണ്,enikku ithu ishtamaanu,ನನಗೆ ಇದು ಇಷ್ಟ,nanage idu ishta,मला हे आवडते,mala he aavadte,મને આ ગમે છે,mane aa game chhe,ਮੈਨੂੰ ਇਹ ਪਸੰਦ ਹੈ,mainu eh pasand hai,opinion,opinion
33,I don't like this,मुझे यह पसंद नहीं है,mujhe yeh pasand nahi hai,எனக்கு இது பிடிக்கவில்லை,enakku idhu pidikkavillai,ఇది నాకు ఇష్టం లేదు,idi naaku ishtam ledu,আমার এটা ভাল লাগে না,amar eta bhalo lage na,എനിക്ക് ഇത് ഇഷ്ടമില്ല,enikku ith ishtamilla,ನನಗೆ ಇದು ಇಷ್ಟವಿಲ್ಲ,nanage idu ishtavilla,मला हे आवडत नाही,mala he aavadat nahi,મને આ નથી ગમતું,mane aa nathi gamtu,ਮੈਨੂੰ ਇਹ ਪਸੰਦ ਨਹੀਂ,mainu eh pasand nahi,opinion,opinion
34,Can you speak slowly?,क्या आप धीरे बोल सकते हैं?,kya aap dheere bol sakte hain?,நீங்கள் மெதுவாக பேச முடியுமா?,neengal methuvaga pesa mudiyuma?,మీరు నెమ్మదిగా మాట్లాడగలరా?,meeru nemmadiga maatladagalarā?,আপনি আস্তে বলতে পারেন?,apni aste bolte paren?,നിങ്ങൾ പതുക്കെ സംസാരിക്കാമോ?,ningal paduukke samsarikamo?,ನೀವು ನಿಧಾನವಾಗಿ ಮಾತನಾಡಿ,neevu nidhaanavaagi maatlaadi,तू हळू बोलशील?,tu halu bolshil?,તમે ધીમે બોલશો?,tame dheeme bolsho?,ਕੀ ਤੁਸੀਂ ਹੌਲੀ ਬੋਲ ਸਕਦੇ ਹੋ?,ki tusi hauli bol sakde ho?,request,conversation
35,What is the price?,इसकी कीमत क्या है?,iski keemat kya hai?,இதின் விலை என்ன?,idhin vilai enna?,దీని ధర ఎంత?,deeni dhara entha?,এর দাম কত?,er dam koto?,ഇതിന്റെ വില എത്ര?,ithinte vila ethra?,ಈದರ ಬೆಲೆ ಎಷ್ಟು?,idara bele eshtu?,याची किंमत किती?,yaachi kimat kiti?,આની કિંમત કેટલી?,aani kimat ketli?,ਇਸ ਦੀ ਕੀਮਤ ਕੀ ਹੈ?,is di keemat ki hai?,shopping,shopping
36,This is expensive,यह महंगा है,yeh mehenga hai,இது விலையுயர்ந்தது,idhu vilaiyuyarnadhu,ఇది ఖరీదైనది,idi khareedainadi,এটা দামী,eta daami,ഇത് വില കുറയുന്നു,idhu vila kuryunnu,ಇದು ದುಬಾರಿ,idu dubari,हे महाग आहे,he mahaag aahe,આ મોંઘું છે,aa monghu chhe,ਇਹ ਮਹਿੰਗਾ ਹੈ,eh mehenga hai,shopping,shopping
37,This is cheap,यह सस्ता है,yeh sasta hai,இது மலிவானது,idhu malivaanadhu,ఇది చవుకది,idi chavukadi,এটা সস্তা,eta sosta,ഇത് വില കുറഞ്ഞത്,idhu vila kuranjathu,ಇದು ಅಗ್ಗ,idu agga,हे स्वस्त आहे,he swast aahe,આ સસ્તુ છે,aa sastu chhe,ਇਹ ਸਸਤਾ ਹੈ,eh sassta hai,shopping,shopping
38,Where is the market?,बाज़ार कहाँ है?,bazaar kahan hai?,மார்க்கெட் எங்கே?,market enge?,మార్కెట్ ఎక్కడ ఉంది?,market ekkada undi?,বাজার কোথায়?,bazar kothay?,മാർക്കറ്റ് എവിടെ?,market evide?,ಮಾರ್ಕೆಟ್ ಎಲ್ಲಿದೆ?,market ellide?,बाजार कुठे आहे?,bazaar kuthe aahe,બજાર ક્યાં છે?,bajar kyan chhe,ਬਾਜ਼ਾਰ ਕਿੱਥੇ ਹੈ?,bazaar kithe hai?,shopping,travel
39,I am learning a new language,मैं नई भाषा सीख रहा हूँ,main nai bhasha seekh raha hoon,நான் ஒரு புதிய மொழி கற்றுக்கொள்கிறேன்,naan oru pudhiya mozhi katrukkogiren,నేను కొత్త భాష నేర్చుకుంటున్నాను,nenu kotta bhasha nerchukuntunnanu,আমি নতুন ভাষা শিখছি,ami notun bhasa shikhchi,ഞാൻ ഒരു പുതിയ ഭാഷ പഠിക്കുകയാണ്,njan oru puthiya bhaasha padikkunnu,ನಾನು ಹೊಸ ಭಾಷೆ ಕಲಿಯುತ್ತಿದ್ದೇನೆ,naanu hosa bhaashe kaliyuttidene,मी नवी भाषा शिकत आहे,mi navi bhaasha shikat aahe,હું નવી ભાષા શીખી રહ્યો છું,hu navi bhaasha shikhi rahyo chhu,ਮੈਂ ਨਵੀਂ ਭਾਸ਼ਾ ਸਿੱਖ ਰਿਹਾ ਹਾਂ,main naveen bhasha sikh riha haan,learning,learning
40,This is delicious,यह स्वादिष्ट है,yeh swaadisht hai,இது ருசிகரமாக உள்ளது,idhu rusikaramaga ulladhu,ఇది రుచిగా ఉంది,idi ruchiga undi,এটা সুস্বাদু,eta suswaadu,ഇത് രുചികരം,idhu ruchikaram,ಇದು ರುಚಿಕರ,idu ruchikara,हे चविष्ट आहे,he chavisht aahe,આ સ્વાદિષ્ટ છે,aa swadisht chhe,ਇਹ ਸੁਆਦੀ ਹੈ,eh swaadi hai,compliment,compliment
41,I am tired,मैं थक गया हूँ,main thak gaya hoon,நான் சோர்ந்து போயுள்ளேன்,naan sorndhu poyullain,నేను అలసిపోయాను,nenu alasipoyanu,আমি ক্লান্ত,ami klanto,ഞാൻ ക്ഷീണിതനാണ്,njan ksheenithanaanu,ನಾನು ದಣಿದಿದ್ದೇನೆ,naanu danididdene,मी थकलो आहे,mi thaklo aahe,હું થાકી ગયો છું,hu thaki gayo chhu,ਮੈਂ ਥੱਕ ਗਿਆ ਹਾਂ,main thakk giya haan,feeling,feeling
42,I am very happy,मैं बहुत खुश हूँ,main bahut khush hoon,நான் மிகவும் மகிழ்ச்சியாக உள்ளேன்,naan migavum magizhchiyaga ullen,నేను చాలా సంతోషంగా ఉన్నాను,nenu chaala santhoshanga unnanu,আমি খুব খুশি,ami khub khushi,ഞാൻ വളരെ സന്തോഷവാനാണ്,njan valare santhoshavaananu,ನಾನು ತುಂಬಾ ಸಂತೋಷವಾಗಿದ್ದೇನೆ,naanu tumba santhoshavagiddene,मी खूप आनंदी आहे,mi khup anandi aahe,હું ખૂબ ખુશ છું,hu khub khush chhu,ਮੈਂ ਬਹੁਤ ਖੁਸ਼ ਹਾਂ,main bahut khush haan,feeling,feeling
43,I am sad,मैं दुखी हूँ,main dukhi hoon,நான் கவலையில் உள்ளேன்,naan kavalayil ullen,నేను బాధగా ఉన్నాను,nenu baadhaga unnanu,আমি দুঃখিত,ami dukkhito,ഞാൻ ദുഃഖിതൻ,njan dukhithan,ನಾನು ದುಃಖಿತನಾಗಿದ್ದೇನೆ,naanu dukkhitanagiddene,मी दुःखी आहे,mi dukhhi aahe,હું દુઃખી છું,hu dukhhi chhu,ਮੈਂ ਦੁਖੀ ਹਾਂ,main dukhi haan,feeling,feeling
44,Please give me a discount,कृपया छूट दें,kripaya chhoot den,தள்ளுபடி தரவும்,thallupadi tharavum,దయచేసి డిస్కౌంట్ ఇవ్వండి,dayachesi discount ivvandi,দয়া করে ছাড় দিন,dooya kore chhar din,ദയവായി ഡിസ്കൗണ്ട് തരൂ,dayavaayi discount tharoo,ದಯವಿಟ್ಟು ರಿಯಾಯಿತಿ ನೀಡಿ,dayavittu riyaayiti nidi,कृपया मला सूट द्या,krupaya mala soot dya,મને ડિસ્કાઉન્ટ આપો,mane discount aapo,ਮੈਨੂੰ ਛੂਟ ਦਿਓ,mainu chhoot dio,shopping,shopping
45,Where is the train station?,रेलवे स्टेशन कहाँ है?,railway station kahan hai?,ரயில் நிலையம் எங்கே?,rayil nilaiyam enge?,రైలు స్టేషన్ ఎక్కడ ఉంది?,railu station ekkada undi?,রেল স্টেশন কোথায়?,rel station kothay?,റയിൽ സ്റ്റേഷൻ എവിടെ?,rayil station evide?,ರೈಲು ನಿಲ್ದಾಣ ಎಲ್ಲಿದೆ?,railu nildana ellide?,रेल्वे स्टेशन कुठे आहे?,railway station kuthe aahe,રેલ્વે સ્ટેશન ક્યાં છે?,railway station kyan chhe,ਰੇਲਵੇ ਸਟੇਸ਼ਨ ਕਿੱਥੇ ਹੈ?,railway station kithe hai?,travel,travel
46,I want to buy this,मैं इसे खरीदना चाहता हूँ,main ise kharidna chahta hoon,நான் இதை வாங்க விரும்புகிறேன்,naan idhai vaanga virumbugiren,నేను దీన్ని కొనాలనుకుంటున్నాను,nenu dinni konalanukuntunnanu,আমি এটি কিনতে চাই,ami eti kin te chai,ഞാൻ ഇത് വാങ്ങാൻ ആഗ്രഹിക്കുന്നു,njan ithu vaangan aagrahikkunnu,ನಾನು ಇದನ್ನು ಕೊಂಡುಕೊಳ್ಳಬೇಕು,naanu idannu kondokollabeku,मला हे घ्यायचं आहे,mala he ghyaayach aahe,મારે આ ખરીદવું છે,mare aa kharidvu chhe,ਮੈਂ ਇਹ ਖਰੀਦਣਾ ਚਾਹੁੰਦਾ ਹਾਂ,main eh khareedna chaahunda haan,shopping,shopping
47,Can you guide me?,क्या आप मेरा मार्गदर्शन कर सकते हैं?,kya aap mera maargdarshan kar sakte hain?,நீங்கள் என்னை வழிகாட்ட முடியுமா?,neengal ennai vazhigaatta mudiyuma?,మీరు నాకు దారి చూపగలరా?,meeru naaku daari choopagalara?,আপনি কি আমাকে পথ দেখাতে পারেন?,apni ki amake poth dekhate paren?,നിങ്ങൾ എന്നെ വഴികാട്ടാമോ?,ningal enne vazhikaattaamo?,ನನ್ನಿಗೆ ದಾರಿ ತೋರಿಸುತ್ತೀರಾ?,nannage daari torisutteera?,तू मला मार्गदर्शन करशील?,tu mala maargdarshan karshil?,તમે મને માર્ગદર્શન આપશો?,tame mane maargdarshan aapsho?,ਕੀ ਤੁਸੀਂ ਮੇਰਾ ਗਾਈਡ ਕਰ ਸਕਦੇ ਹੋ?,ki tusi mera guide kar sakde ho?,request,help
48,It is raining today,आज बारिश हो रही है,aaj baarish ho rahi hai,இன்று மழை பெய்கிறது,indru mazhai peygiradhu,ఈరోజు వర్షం పడుతోంది,ee roju varsham padutondi,আজ বৃষ্টি হচ্ছে,aj brishti hochhe,ഇന്ന് മഴ പെയ്യുന്നു,innu mazha peyyunnu,ಇಂದು ಮಳೆ ಬರುತ್ತಿದೆ,indu male baruttide,आज पाऊस पडत आहे,aaj paus padat aahe,આજે વરસાદ પડે છે,aaje varsad pade chhe,ਅੱਜ ਮੀਂਹ ਪੈ ਰਿਹਾ ਹੈ,ajj meeh pai riha hai,weather,weather
49,The weather is nice today,आज मौसम अच्छा है,aaj mausam accha hai,இன்று வானிலை நன்றாக உள்ளது,indru vaanilai nandraaga ulladhu,ఈరోజు వాతావరణం బాగుంది,ee roju vaathavaranam baagundi,আজ আবহাওয়া ভালো,aj abohawa bhalo,ഇന്ന് കാലാവസ്ഥ നന്നായി,innu kaalavastha nannaayi,ಇಂದು ಹವಾಮಾನ ಚೆನ್ನಾಗಿದೆ,indu havaamaan chennagide,आज हवामान छान आहे,aaj hawaamaan chaan aahe,આજે હવામાન સારું છે,aaje havaaman saarun chhe,ਅੱਜ ਮੌਸਮ ਚੰਗਾ ਹੈ,ajj mausam changa hai,weather,weather
50,What is the meaning of this?,इसका क्या मतलब है?,iska kya matlab hai?,இதன் அர்த்தம் என்ன?,idhan artham enna?,దీని అర్థం ఏమిటి?,deeni artham emiti?,এর মানে কি?,er mane ki?,ഇതിന്റെ അർത്ഥം എന്താണ്?,ithinte artham enthaanu?,ಇದರ ಅರ್ಥ ಏನು?,idara artha enu?,याचा अर्थ काय?,yaacha arth kaay?,આનો અર્થ શું છે?,aano arth shu chhe?,ਇਸਦਾ ਕੀ ਮਤਲਬ ਹੈ?,isda ki matlab hai?,learning,learning
51,Where is the bus stop?,बस स्टॉप कहाँ है?,bas stop kahan hai?,பஸ் நிறுத்தம் எங்கே?,bus niruththam enge?,బస్ స్టాప్ ఎక్కడ ఉంది?,bus stop ekkada undi?,বাস স্টপ কোথায়?,bas stop kothay?,ബസ് സ്റ്റോപ്പ് എവിടെ?,bus stop evide?,ಬಸ್ ನಿಲ್ದಾಣ ಎಲ್ಲಿದೆ?,bas nildaana ellide?,बस थांबा कुठे आहे?,bas thamba kuthe aahe,બસ સ્ટોપ ક્યાં છે?,bus stop kyan chhe,ਬੱਸ ਸਟਾਪ ਕਿੱਥੇ ਹੈ?,bus stop kithe hai,travel,navigation
52,Can I get a ticket?,क्या मुझे टिकट मिल सकता है?,kya mujhe ticket mil sakta hai?,எனக்கு டிகெட் கிடைக்குமா?,enakku ticket kidaikkuma?,నాకు టికెట్ దొరుకుతుందా?,naaku ticket dorukutundaa?,আমার কি টিকিট পাবো?,amar ki ticket pabo?,എനിക്ക് ടിക്കറ്റ് കിട്ടുമോ?,enikku ticket kittumo?,ನನ್ನಿಗೆ ಟಿಕೆಟ್ ಸಿಗುತ್ತದೆಯಾ?,nannage ticket siguttadeyaa?,मला तिकीट मिळेल का?,mala tiket milel ka?,મને ટિકિટ મળશે?,mane tiket malshe?,ਕੀ ਮੈਨੂੰ ਟਿਕਟ ਮਿਲ ਸਕਦੀ ਹੈ?,ki mainu ticket mil sakdi hai,travel,travel
53,Where is the ATM?,एटीएम कहाँ है?,ATM kahan hai?,ஏடிஎம் எங்கே?,ATM enge?,ఏటీఎం ఎక్కడ ఉంది?,ATM ekkada undi?,এটিএম কোথায়?,ATM kothay?,എടിഎം എവിടെ?,ATM evide?,ಎಟಿಎಂ ಎಲ್ಲಿದೆ?,ATM ellide?,एटीएम कुठे आहे?,ATM kuthe aahe?,એટીએમ ક્યાં છે?,ATM kyan chhe?,ਏਟੀਐਮ ਕਿੱਥੇ ਹੈ?,ATM kithe hai,travel,travel
54,I am lost,मैं खो गया हूँ,main kho gaya hoon,நான் திசை தவறிவிட்டேன்,naan dhisai thavarivitten,నేను దారి తప్పిపోయాను,nenu daari tappipoyanu,আমি পথ হারিয়েছি,ami poth hariyechi,ഞാൻ വഴിതെറ്റി,njan vazhi thetti,ನಾನು ದಾರಿತಪ್ಪಿದ್ದೇನೆ,naanu daaritappiddene,मी वाट चुकलो आहे,mi vaat chuklo aahe,હું રસ્તો ભૂલી ગયો છું,hu rasto bhuli gayo chhu,ਮੈਂ ਰਸਤਾ ਭੁੱਲ ਗਿਆ ਹਾਂ,main rasta bhull giya haan,travel,emergency
55,Call the police,पुलिस को बुलाइए,police ko bulaaiye,போலிசை அழைக்கவும்,police-ai azaikkavum,పోలీసును పిలవండి,police-nu pilavandi,পুলিশ ডাকুন,polish dakun,പോലീസിനെ വിളിക്കൂ,police-ne vilikoo,ಪೊಲಿಸನ್ನು ಕರೆಸಿ,police annu karesi,पोलिसांना बोलवा,polisana bolva,પોલીસને બોલાવો,police-ne bolavo,ਪੁਲਿਸ ਨੂੰ ਬੁਲਾਓ,police nu bulao,emergency,emergency
56,Please wait,कृपया प्रतीक्षा करें,kripaya pratiksha karein,தயவு செய்து காத்திருக்கவும்,dayavu seydhu kaathirukkavum,దయచేసి వేచి ఉండండి,dayachesi vechi undandi,দয়া করে অপেক্ষা করুন,dooya kore opekkha korun,ദയവായി കാത്തിരിക്കുക,dayavaayi kaathirikkuka,ದಯವಿಟ್ಟು ಕಾಯಿರಿ,dayavittu kaayiri,कृपया थांबा,krupaya thamba,મહેરબાની કરીને રાહ જુઓ,meherbani kari ne rah juo,ਕਿਰਪਾ ਕਰਕੇ ਉਡੀਕ ਕਰੋ,kirpa karke udeek karo,request,polite
57,One moment please,एक क्षण रुको,ek kshan ruko,ஒரு நிமிடம் தயவுசெய்து காத்திருக்கவும்,oru nimidam dayavuseydhu kaathirukkavum,ఒక్క నిమిషం వేచి ఉండండి,okka nimisham vechi undandi,একটু অপেক্ষা করুন,ektu opekkha korun,ഒരു നിമിഷം കാത്തിരിക്കുക,oru nimisham kaathirikkuka,ಒಂದು ಕ್ಷಣ ಕಾಯಿರಿ,ondu kshana kaayiri,एक मिनिट थांबा,ek minit thamba,એક ક્ષણ રાહ જુઓ,ek kshan rah juo,ਇੱਕ ਪਲ ਰੁਕੋ,ikk pal ruko,request,polite
58,Can you show me?,क्या आप मुझे दिखा सकते हैं?,kya aap mujhe dikha sakte hain?,நீங்கள் எனக்கு காட்ட முடியுமா?,neengal enakku kaatta mudiyuma?,మీరు నాకు చూపగలరా?,meeru naaku choopagalara?,আপনি কি আমাকে দেখাতে পারেন?,apni ki amake dekhate paren?,നിങ്ങൾ എന്നെ കാണിക്കുമോ?,ningal enne kaanikumo?,ನನಗೆ ತೋರಿಸುತ್ತೀರಾ?,nanage torisutteera?,मला दाखवशील?,mala daakhvshil?,મને બતાવશો?,mane bataavsho?,ਕੀ ਤੁਸੀਂ ਮੈਨੂੰ ਵਿਖਾ ਸਕਦੇ ਹੋ?,ki tusi mainu dikha sakde ho,request,help
59,Is this correct?,क्या यह सही है?,kya yeh sahi hai?,இது சரியா?,idhu sariya?,ఇది సరైందా?,idi saraindaa?,এটা কি ঠিক?,eta ki thik?,ഇത് ശരിയോ?,ithu shariyo?,ಇದು ಸರಿಯೇ?,idu sariyē?,हे बरोबर आहे का?,he barobar aahe ka?,આ સાચું છે?,aa saachu chhe?,ਕੀ ਇਹ ਠੀਕ ਹੈ?,ki eh theek hai,request,verification
60,I need help,मुझे मदद चाहिए,mujhe madad chahiye,எனக்கு உதவி வேண்டும்,enakku uthavi vendum,నాకు సహాయం కావాలి,naaku sahaayam kaavali,আমার সাহায্য দরকার,amar shahajyo dorkar,എനിക്ക് സഹായം വേണം,enikku sahaayam venam,ನನಗೆ ಸಹಾಯ ಬೇಕು,nanage sahaya beku,मला मदत हवी आहे,mala madat havi aahe,મને મદદ જોઇએ,mane madad joie,ਮੈਨੂੰ ਮਦਦ ਦੀ ਲੋੜ ਹੈ,mainu madad di lorh hai,request,help
61,I am coming,मैं आ रहा हूँ,main aa raha hoon,நான் வருகிறேன்,naan varugiren,నేను వస్తున్నాను,nenu vastunnanu,আমি আসছি,ami aschi,ഞാൻ വരുന്നു,njan varunnu,ನಾನು ಬರುತ್ತಿದ್ದೇನೆ,naanu baruttiddene,मी येत आहे,mi yet aahe,હું આવી રહ્યો છું,hu aavi rahyo chhu,ਮੈਂ ਆ ਰਿਹਾ ਹਾਂ,main aa riha haan,movement,conversation
62,I am going,मैं जा रहा हूँ,main ja raha hoon,நான் போகிறேன்,naan pogiren,నేను వెళుతున్నాను,nenu velutunnanu,আমি যাচ্ছি,ami jacchi,ഞാൻ പോകുന്നു,njan pokunnu,ನಾನು ಹೋಗುತ್ತಿದ್ದೇನೆ,naanu hoguttiddene,मी जात आहे,mi jaat aahe,હું જઈ રહ્યો છું,hu jai rahyo chhu,ਮੈਂ ਜਾ ਰਿਹਾ ਹਾਂ,main ja riha haan,movement,conversation
63,What happened?,क्या हुआ?,kya hua?,என்ன நடந்தது?,enna nadandhathu?,ఏం జరిగింది?,em jarigindi?,কি হয়েছে?,ki hoyeche?,എന്ത് സംഭവിച്ചു?,enth sambhavichu?,ಏನು ಆಯಿತು?,enu ayitu?,काय झाले?,kaay jhaale?,શું થયું?,shu thayu?,ਕੀ ਹੋਇਆ?,ki hoya?,question,information
64,Nothing happened,कुछ नहीं हुआ,kuch nahi hua,எதுவும் நடக்கவில்லை,edhuvum nadakkavillai,ఏమి కాలేదు,emi kaaledu,কিছু হয়নি,kichu hoyni,ഒന്നും സംഭവിച്ചില്ല,onnum sambhavichilla,ಏನೂ ಆಗಲಿಲ್ಲ,enu aagalilla,काही झाले नाही,kaahi jhaale nahi,કંઈ થયું નથી,kanai thayu nathi,ਕੁਝ ਨਹੀਂ ਹੋਇਆ,kuch nahi hoya,response,information
65,Be careful,सावधान रहें,saavdhaan rahen,எச்சரிக்கையாக இருங்கள்,echcharikkaiyaga irungal,జాగ్రత్తగా ఉండండి,jaagrattaga undandi,সতর্ক থাকুন,sotork thakun,ശ്രദ്ധിക്കുക,shradhikkuka,ಜಾಗರೂಕರಾಗಿಿರಿ,jagarookaraagi iri,काळजी घ्या,kaalji ghya,ધ્યાન રાખજો,dhyaan rakhjo,ਧਿਆਨ ਨਾਲ ਰਹੋ,dhiaan naal raho,command,safety
66,Slow down,धीरे चलें,dheere chalen,மெதுவாக செல்லுங்கள்,methuvaga sellungal,నెమ్మదిగా వెళ్లండి,neammadiga vellanḍi,আস্তে চলুন,aste cholun,പതുക്കെ പോകൂ,patukke poku,ನಿಧಾನವಾಗಿ ಹೋಗಿ,nidhaanavaagi hogi,हळू चालवा,halu chalva,ધીમે ચાલો,dheeme chalo,ਹੌਲੀ ਹੌਲੀ ਚਲੋ,hauli hauli chalo,command,safety
67,Don't worry,चिंता मत करें,chinta mat karein,கவலைப்பட வேண்டாம்,kavalai padavendaam,చింతించకండి,chintinchakandi,চিন্তা করবেন না,chinta korben na,ചിന്തിക്കേണ്ട,chinthaikkenda,ಚಿಂತಿಸಬೇಡ,chintisabeda,काळजी करू नको,kaalji karu nako,ચિંતા ન કરો,chinta na karo,ਫਿਕਰ ਨਾ ਕਰੋ,fikar na karo,reassurance,comfort
68,I love this,मुझे यह बहुत पसंद है,mujhe yeh bahut pasand hai,எனக்கு இது மிகவும் பிடிக்கும்,enakku idhu migavum pidikkum,ఇది నాకు చాలా ఇష్టం,idi naaku chaala ishtam,আমার এটা খুব ভালো লাগে,amar eta khub bhalo lage,എനിക്ക് ഇത് വളരെ ഇഷ്ടമാണ്,enikku ithu valare ishtamaanu,ನನಗೆ ಇದು ತುಂಬಾ ಇಷ್ಟ,nanage idu tumba ishta,मला हे खूप आवडते,mala he khup aavadte,મને આ બહુ ગમે છે,mane aa bahu game chhe,ਮੈਨੂੰ ਇਹ ਬਹੁਤ ਪਸੰਦ ਹੈ,mainu eh bahut pasand hai,opinion,opinion
69,I hate this,मुझे यह नापसंद है,mujhe yeh naapasand hai,எனக்கு இது வெறுக்கப்படுகிறது,enakku idhu verukkappadugiradhu,ఇది నాకు నచ్చదు,idi naaku nachhadu,আমার এটা খারাপ লাগে,amar eta kharap lage,എനിക്ക് ഇത് വെറുപ്പാണ്,enikku ithu veruppaanu,ನನಗೆ ಇದು ಇಷ್ಟವಿಲ್ಲ,nanage idu ishtavilla,मला हे आवडत नाही,mala he aavadat nahi,મને આ ન જાય,mane aa na jaay,ਮੈਨੂੰ ਇਹ ਨਫਰਤ ਹੈ,mainu eh nafrat hai,opinion,opinion
70,Are you okay?,क्या आप ठीक हैं?,kya aap theek hain?,நீங்கள் சரியா?,neengal sariya?,మీరు బాగున్నారా?,meeru baagunnara?,আপনি ঠিক আছেন?,apni thik aachen?,നിങ്ങൾ സുഖമാണോ?,ningal sukhamaano?,ನೀವು ಚೆನ್ನಾಗಿದ್ದೀರಾ?,neevu chennagiddira?,तू ठीक आहेस ना?,tu theek aahe na?,તમે બરાબર છો?,tame barabar cho?,ਕੀ ਤੁਸੀਂ ਠੀਕ ਹੋ?,ki tusi theek ho,question,comfort
71,I am sick,मैं बीमार हूँ,main beemar hoon,நான் உடம்பு சரியில்லை,naan udambu sariyillai,నేను అనారోగ్యంగా ఉన్నాను,nenu anaarogyanga unnanu,আমি অসুস্থ,ami oshustho,ഞാൻ അസുഖമാണ്,njan asukhamaanu,ನಾನು ಅಸ್ವಸ್ಥನಾಗಿದ್ದೇನೆ,naanu aswasthanagiddene,मी आजारी आहे,mi aajari aahe,હું બીમાર છું,hu beemaar chhu,ਮੈਂ ਬੀਮਾਰ ਹਾਂ,main beemar haan,health,health
72,I feel better,मुझे बेहतर लग रहा है,mujhe behtar lag raha hai,எனக்கு நன்றாக இருக்கிறது,enakku nandraaga irukiradhu,నాకు బాగా అనిపిస్తోంది,naaku baaga anipistondi,আমার ভালো লাগছে,amar bhalo lagche,എനിക്ക് ബോധം മെച്ചപ്പെട്ടിരിക്കുന്നു,enikku bodham mechchappedhirikkunnu,ನನಗೆ ಚೆನ್ನಾಗಿದೆ,nanage chennagide,मला बरे वाटते,mala bare vaatte,હું સારું અનુભવું છું,hu saru anubhavun chhu,ਮੈਨੂੰ ਬੇਹਤਰ ਮਹਿਸੂਸ ਹੋ ਰਿਹਾ ਹੈ,mainu behtar mahsus ho riha hai,health,health
73,I am busy,मैं व्यस्त हूँ,main vyast hoon,நான் பிஸியாக இருக்கிறேன்,naan busy-aaga irukkiren,నేను బిజీగా ఉన్నాను,nenu bijiga unnanu,আমি ব্যস্ত,ami byosto,ഞാൻ തിരക്കിലാണ്,njan thirakkilaanu,ನಾನು ಬ್ಯುಸಿಯಾಗಿದ್ದೇನೆ,naanu byusiyaagiddene,मी व्यस्त आहे,mi vyast aahe,હું વ્યસ્ત છું,hu vyast chhu,ਮੈਂ ਬਿਜੀ ਹਾਂ,main busy haan,work,work
74,Please call me,मुझे कॉल कीजिए,mujhe call kijiye,எனக்கு அழைக்கவும்,enakku azaikkavum,నాకు కాల్ చేయండి,naaku call chayandi,আমাকে কল করুন,amake kol korun,എനിക്ക് വിളിക്കൂ,enikku vilikku,ನನ್ನಿಗೆ ಕರೆ ಮಾಡಿ,nannage kare maadi,मला कॉल करा,mala call kara,મને ફોન કરો,mane phone karo,ਮੈਨੂੰ ਕਾਲ ਕਰੋ,mainu call karo,request,communication
75,Can I ask something?,क्या मैं कुछ पूछ सकता हूँ?,kya main kuch pooch sakta hoon?,நான் ஏதாவது கேட்கலாமா?,naan yedhaavadhu ketkalaamaa?,నేను ఏదైనా అడగవచ్చా?,nenu edaina adagavachchaa?,আমি কি কিছু জিজ্ঞেস করতে পারি?,ami ki kichu jigges korte pari?,എനിക്ക് എന്തെങ്കിലും ചോദിക്കാമോ?,enikku enthenkilum chodikkamo?,ನಾನು ಏನಾದರೂ ಕೇಳಬಹುದೇ?,naanu enaadaru kelbahude?,मी काही विचारू शकतो का?,mi kahi vicharu shakto ka?,મારે કંઈ પૂછવું છે?,mare kai puchvu chhe?,ਕੀ ਮੈਂ ਕੁਝ ਪੁੱਛ ਸਕਦਾ ਹਾਂ?,ki main kuch puch sakda haan,request,conversation
76,Where can I find this?,मुझे यह कहाँ मिल सकता है?,mujhe yeh kahan mil sakta hai?,இது எங்கு கிடைக்கும்?,idhu engu kidaikkum?,ఇది ఎక్కడ దొరుకుతుంది?,idi ekkada dorukutundi?,এটা কোথায় পাবো?,eta kothay pabo?,ഇത് എവിടെ കിട്ടും?,ithu evide kittum?,ಇದು ಎಲ್ಲಿಂದ ಸಿಗುತ್ತದೆ?,idu ellinda siguttade?,हे मला कुठे मिळेल?,he mala kuthe milel?,મને આ ક્યાં મળશે?,mane aa kyan malshe?,ਮੈਨੂੰ ਇਹ ਕਿੱਥੇ ਮਿਲੇਗਾ?,mainu eh kithe milega,question,shopping
77,Is this available?,क्या यह उपलब्ध है?,kya yeh upalabdh hai?,இது கிடைக்குமா?,idhu kidaikkuma?,ఇది అందుబాటులో ఉందా?,idi andubaatlo undaa?,এটা কি পাওয়া যায়?,eta ki paowa jay?,ഇത് ലഭ്യമാണോ?,ithu labhyamaano?,ಇದು ಲಭ್ಯವಿದೆಯಾ?,idu labhyavideyaa?,हे उपलब्ध आहे का?,he upalabdh aahe ka?,આ ઉપલબ્ધ છે?,aa upalabdh chhe?,ਕੀ ਇਹ ਮਿਲਦਾ ਹੈ?,ki eh milda hai,question,shopping
78,How much distance?,कितनी दूरी है?,kitni doori hai?,எத்தனை தூரம்?,eththanai dooram?,ఎంత దూరం?,entha dooram?,কত দূর?,koto dur?,എത്ര ദൂരം?,ethra dooram?,ಎಷ್ಟು ದೂರ?,eshtu door?,किती अंतर आहे?,kiti antar aahe?,કેટલું અંતર?,ketlu antar?,ਕਿੰਨੀ ਦੂਰੀ ਹੈ?,kinni doori hai,question,navigation
79,Can you come here?,क्या आप यहाँ आ सकते हैं?,kya aap yahan aa sakte hain?,நீங்கள் இங்கே வர முடியுமா?,neengal ingey vara mudiyuma?,మీరు ఇక్కడికి రావచ్చా?,meeru ikkadiki raavachchaa?,আপনি এখানে আসতে পারেন?,apni ekhane aste paren?,നിങ്ങൾ ഇവിടെ വരുമോ?,ningal ivide varumo?,ನೀವು ಇಲ್ಲಿ ಬರ್ತೀರಾ?,neevu illi bartheera?,तू इथे येऊ शकशील?,tu ithe yeu shakshil?,તમે અહીં આવી શકશો?,tame ahin aavi shaksho?,ਕੀ ਤੁਸੀਂ ਇੱਥੇ ਆ ਸਕਦੇ ਹੋ?,ki tusi ithe aa sakde ho,request,request
80,Please sit down,बैठ जाइए,baith jaiye,உட்காருங்கள்,utkaarungal,దయచేసి కూర్చోండి,dayachesi koorchondi,বসুন,bosun,ദയവായി ഇരിക്കൂ,dayavaayi irikku,ದಯವಿಟ್ಟು ಕೂತುಕೊಳ್ಳಿ,dayavittu kuthukolli,कृपया बसा,krupaya basa,કૃપા કરીને બેસો,krupa kari ne beso,ਕਿਰਪਾ ਕਰਕੇ ਬੈਠੋ,kirpa karke baitho,command,polite
81,Stand up,खड़े हो जाइए,khade ho jaiye,எழுந்திருங்கள்,ezhunthirungal,నిలబడి ఉండండి,nilabadi undandi,দাঁড়ান,danran,എഴുന്നേൽക്കുക,ezhunnelkkuka,ಎದ್ದು ನಿಲ್ಲಿ,eddu nilli,उठा उभे रहा,utha ubhe raha,ઉભા રહો,ubha raho,ਖੜੇ ਹੋ ਜਾਓ,kade ho jao,command,command
82,Wait for me,मेरा इंतज़ार करो,mera intezaar karo,என்னை காத்திருக்கவும்,ennai kaathirukkavum,నన్ను వేచి ఉండు,nannu vechi undu,আমার জন্য অপেক্ষা করো,amar jonno opekkha koro,എന്നെ കാത്തിരിക്കുക,enne kaathirikkuka,ನನ್ನನ್ನು ಕಾಯಿರಿ,nannannu kaayiri,माझी वाट पाहा,maaji vaat paha,મારી રાહ જુઓ,maari raah juo,ਮੇਰੀ ਉਡੀਕ ਕਰੋ,meri udeek karo,request,polite
83,Follow me,मेरे पीछे आओ,mere peeche aao,என்னைப் பின்தொடருங்கள்,ennaip pin thodarumgal,నా వెంట రండి,naa venta randi,আমার পিছনে আসুন,amar pichhone asun,എന്നെ പിന്തുടരൂ,enne pinthudaro,ನನ್ನನ್ನು ಅನುಸರಿಸಿ,nannannu anusaris i,माझ्या मागे या,majhya mage ya,મારા પાછળ આવો,mara pachhal aavo,ਮੇਰੇ ਪਿੱਛੇ ਆਓ,mere pitche aao,command,navigation
84,This way please,इधर आइए,idhar aaiye,இந்த வழி வாருங்கள்,indha vazhi vaarungal,ఈ దారి రండి,ee daari randi,এই পথে আসুন,ei pothe asun,ഈ വഴി വരൂ,ee vazhi varu,ಈ ದಾರಿಯಿಂದ ಬನ್ನಿ,ee daarinda banni,या मार्गे या,ya marge ya,આ તરફ આવો,aa taraf aavo,ਇਸ ਪਾਸੇ ਆਓ,is pase aao,request,navigation
85,Do you understand?,क्या आप समझते हैं?,kya aap samajhte hain?,நீங்கள் புரிகிறீர்களா?,neengal purigireergala?,మీకు అర్థం అవుతోందా?,meeku ardham avuthonda?,আপনি বুঝছেন?,apni bujchhen?,നിങ്ങൾക്ക് മനസ്സിലായോ?,ningalkku manassilaayo?,ನಿನಗೆ ಅರ್ಥವಾಗುತ್ತಿದೆಯಾ?,ninage arthavaguttideyaa?,तुला समजतंय का?,tula samajtay ka?,તમે સમજો છો?,tame samjo cho?,ਕੀ ਤੁਸੀਂ ਸਮਝਦੇ ਹੋ?,ki tusi samajhde ho,question,conversation
86,Yes,हां,haan,ஆம்,aam,అవును,avunu,হ্যাঁ,hyaa,അതെ,athe,ಹೌದು,haudu,हो,ho,હા,haa,ਹਾਂ,haan,response,conversation
87,No,नहीं,nahi,இல்லை,illai,లేదు,ledu,না,na,ഇല്ല,illa,ಇಲ್ಲ,illa,नाही,naahi,ના,naa,ਨਹੀਂ,nehi,response,conversation
88,Maybe,शायद,shayad,ஒருவேளை,oru velai,బహుశా,bahushaa,হয়তো,hoyto,ബഹുശഃ,bahusha,ಬಹುದೊಡ್ಡ,bahudodda,कदाचित,kadaachit,શાયદ,shayad,ਸ਼ਾਇਦ,shaayad,response,conversation
89,Who are you?,आप कौन हैं?,aap kaun hain?,நீங்கள் யார்?,neengal yaar?,మీరు ఎవరు?,meeru evaru?,আপনি কে?,apni ke?,നിങ്ങൾ ആര്?,ningal aar?,ನೀನು ಯಾರು?,neenu yaaru?,तू कोण आहेस?,tu kon aahe?,તમે કોણ છો?,tame kon cho?,ਤੂੰ ਕੌਣ ਹੈਂ?,toon kaun hain,question,introduction
90,Who is he?,वह कौन है?,vah kaun hai?,அவர் யார்?,avar yaar?,అతను ఎవరు?,atanu evaru?,সে কে?,se ke?,അവൻ ആര്?,avan aar?,ಅವನು ಯಾರು?,avanu yaaru?,तो कोण आहे?,to kon aahe?,તે કોણ છે?,te kon chhe?,ਉਹ ਕੌਣ ਹੈ?,uh kaun hai,question,introduction
91,Who is she?,वह कौन है?,vah kaun hai?,அவர் யார்?,avar yaar?,ఆమె ఎవరు?,aame evaru?,সে কে?,se ke?,അവൾ ആര്?,aval aar?,ಅವಳು ಯಾರು?,avalu yaaru?,ती कोण आहे?,ti kon aahe?,તે કોણ છે?,te kon chhe?,ਉਹ ਕੌਣ ਹੈ?,uh kaun hai,question,introduction
92,What are you doing?,आप क्या कर रहे हैं?,aap kya kar rahe hain?,நீங்கள் என்ன செய்கிறீர்கள்?,neengal enna seygireergal?,మీరు ఏమి చేస్తున్నారు?,meeru emi chestunnaru?,আপনি কি করছেন?,apni ki korchhen?,നിങ്ങൾ എന്താണ് ചെയ്യുന്നത്?,ningal enthaanu cheyyunnathu?,ನೀನು ಏನು ಮಾಡುತ್ತಿದ್ದೀಯ?,neenu enu maaduttidiya?,तू काय करतो आहेस?,tu kaay karto aahe?,તમે શું કરી રહ્યા છો?,tame shu kari rahya cho?,ਤੁਸੀਂ ਕੀ ਕਰ ਰਹੇ ਹੋ?,tusi ki kar rehe ho,question,conversation
93,Where are we?,हम कहाँ हैं?,hum kahan hain?,நாம் எங்கே இருக்கிறோம்?,naam enge irukkirom?,మనం ఎక్కడ ఉన్నాం?,manam ekkada unnām?,আমরা কোথায়?,amra kothay?,നാം എവിടെയാണ്?,naam evideyaanu?,ನಾವು ಎಲ್ಲಿದ್ದೇವೆ?,naavu elliddheve?,आपण कुठे आहोत?,apan kuthe aahot?,અમે ક્યાં છીએ?,ame kyan chhiye?,ਅਸੀਂ ਕਿੱਥੇ ਹਾਂ?,assin kithe haan,question,navigation
94,Where is my phone?,मेरा फोन कहाँ है?,mera phone kahan hai?,என் போன் எங்கே?,en phone enge?,నా ఫోన్ ఎక్కడ?,naa phone ekkada?,আমার ফোন কোথায়?,amar phone kothay?,എന്റെ ഫോൺ എവിടെ?,ente phone evide?,ನನ್ನ ಫೋನ್ ಎಲ್ಲಿದೆ?,nanna phone ellide?,माझा फोन कुठे?,maza phone kuthe?,મારો ફોન ક્યાં છે?,maro phone kyan chhe?,ਮੇਰਾ ਫੋਨ ਕਿੱਥੇ ਹੈ?,mera phone kithe hai,question,object-location
95,Can you fix this?,क्या आप इसे ठीक कर सकते हैं?,kya aap ise theek kar sakte hain?,நீங்கள் இதைப் பழுது பார்க்க முடியுமா?,neengal idhaip pazhuthu paarka mudiyuma?,మీరు దీన్నీ సరి చేయగలరా?,meeru dinni sari cheyagalarā?,আপনি কি এটা ঠিক করতে পারবেন?,apni ki eta thik korte parben?,ഇത് ശരിയാക്കാമോ?,ithu shariyakamo?,ನೀವು ಇದನ್ನು ತಿದ್ದಬಹುದೇ?,neevu idannu tiddabahude?,हे दुरुस्त करशील?,he durust karshil?,તમે આ ઠીક કરી શકશો?,tame aa theek kari shaksho?,ਕੀ ਤੁਸੀਂ ਇਹ ਠੀਕ ਕਰ ਸਕਦੇ ਹੋ?,ki tusi eh theek kar sakde ho,request,help
96,It’s urgent,यह जरूरी है,yeh zaroori hai,இது அவசரம்,idhu avasaram,ఇది అత్యవసరం,idi atyavasaram,এটা জরুরি,eta joruri,ഇത് അടിയന്തിരമാണ്,ithu adiyanthiramanu,ಇದು ತುರ್ತು,idu turtu,हे अत्यावश्यक आहे,he atyaavashyak aahe,આ તાત્કાલિક છે,aa tatkaalik chhe,ਇਹ ਜ਼ਰੂਰੀ ਹੈ,eh zaroori hai,emergency,emergency
97,I will call you later,मैं आपको बाद में कॉल करूंगा,main aapko baad mein call karunga,நான் உங்களை பிறகு அழைப்பேன்,naan ungallai piragu azaippen,తరువాత కాల్ చేస్తాను,taruvatha call chestanu,আমি পরে ফোন করব,ami pore phone korbo,പിന്നെ വിളിക്കും,pinne vilikkum,ನಾನು ನಂತರ ಕರೆ ಮಾಡುತ್ತೇನೆ,naanu nanthara kare maaduttEne,मी नंतर फोन करीन,mi nantar phone karin,હું પછી ફોન કરીશ,hu pachi phone karish,ਮੈਂ ਬਾਅਦ ਵਿੱਚ ਫੋਨ ਕਰਾਂਗਾ,main baad vich phone karanga,communication,conversation
98,Good luck,शुभकामनाएँ,shubhkaamnayen,நல்ல அதிர்ஷ்டம்,nalla adirshtam,శుభాకాంక్షలు,shubhaakaankshalu,শুভকামনা,shubhokamna,ശുഭാശംസകൾ,shubhaashamsakal,ಶುಭವಾಗಲಿ,shubhavaagali,शुभेच्छा,shubhechha,શુભેચ્છાઓ,shubhechchao,ਸ਼ੁਭਕਾਮਨਾਵਾਂ,shubhkaamnavaan,wish,encouragement
99,Take care,अपना ख्याल रखना,apna khyaal rakhna,கவனமாக இருங்கள்,gavanamaaga irungal,జాగ్రత్తగా ఉండండి,jaagrattaga undandi,নিজের যত্ন নিও,nijer jotno nio,ശ്രദ്ധിക്കൂ,shradhikku,ಜಾಗರೂಕರಾಗಿರಿ,jagarookaraagiri,काळजी घ्या,kaalji ghya,કાળજી રાખજો,kaalji rakhjo,ਆਪਣਾ ਧਿਆਨ ਰੱਖੋ,apna dhyaan rakho,care,care
100,See you tomorrow,कल मिलते हैं,kal milte hain,நாளை சந்திப்போம்,naalai sandippom,రేపు కలుద్దాం,repu kaluddaam,আগামীকাল দেখা হবে,agamikal dekha hobe,നാളെ കാണാം,naale kaanaam,ನಾಡೆ ಭೇಟಿಯಾಗೋಣ,naale bhetigaon,उद्या भेटू,udya bhetu,કાળે મળીએ,kaale maḷiye,ਕੱਲ੍ਹ ਮਿਲਦੇ ਹਾਂ,kallh milde haan,farewell,farewell
